{
  "project_info": {
    "project_number": "825324625523",
    "firebase_url": "https://moss-c3d52.firebaseio.com",
    "project_id": "moss-c3d52",
    "storage_bucket": "moss-c3d52.appspot.com"
  },
  "client": [
    {
      "client_info": {
        "mobilesdk_app_id": "1:825324625523:android:8c946759573541f2785406",
        "android_client_info": {
          "package_name": "com.example.fypversion1"
        }
      },
      "oauth_client": [
        {
          "client_id": "825324625523-7scjjf3aauupfplkqkkri94bs7dmokoe.apps.googleusercontent.com",
          "client_type": 1,
          "android_info": {
            "package_name": "com.example.fypversion1",
            "certificate_hash": "9526164a7431570ebdaab2d7d931caafa4f78dec"
          }
        },
        {
          "client_id": "825324625523-je0e3ec87173crp2c3buh5b1iopr6fuh.apps.googleusercontent.com",
          "client_type": 3
        }
      ],
      "api_key": [
        {
          "current_key": "AIzaSyA7HHtb6ymr9XI4ZtX7gRKYCn2F7OiQIIA"
        }
      ],
      "services": {
        "appinvite_service": {
          "other_platform_oauth_client": [
            {
              "client_id": "825324625523-je0e3ec87173crp2c3buh5b1iopr6fuh.apps.googleusercontent.com",
              "client_type": 3
            }
          ]
        }
      }
    }
  ],
  "configuration_version": "1"
}